bucket_size,trial,max_load_factor,elements_at_max,rehashes
1,0,0.556785,6187,13
1,1,0.554446,6161,15
1,2,0.568215,3157,16
1,3,0.585853,3255,15
1,4,0.558315,3102,14
2,0,0.894888,4972,12
2,1,0.896418,9961,13
2,2,0.896328,4980,16
2,3,0.895068,4973,8
2,4,0.902988,10034,8
4,0,0.978957,5443,13
4,1,0.980216,10900,15
4,2,0.980396,5451,13
4,3,0.980216,5450,12
4,4,0.979856,5448,15
8,0,0.997396,11107,11
8,1,0.998384,5559,11
8,2,0.999461,5565,20
8,3,0.997845,5556,17
8,4,0.998563,5560,14
