bucket_size,trial,max_load_factor,elements_at_max,rehashes
1,0,0.572354,3180,14
1,1,0.597372,3319,14
1,2,0.576134,3201,18
1,3,0.561375,3119,16
1,4,0.562005,6245,13
2,0,0.903168,5018,10
2,1,0.898038,9979,11
2,2,0.904428,5025,15
2,3,0.902268,5013,16
2,4,0.895788,4977,10
4,0,0.979676,5447,14
4,1,0.979856,5448,18
4,2,0.978957,5443,15
4,3,0.979676,5447,15
4,4,0.980216,5450,9
8,0,0.998384,5559,11
8,1,0.998384,5559,18
8,2,0.998204,5558,13
8,3,0.997755,11111,12
8,4,0.998922,5562,12
